Nome;Nome do Ativo;Valor do Ativo (mil)
BRADESCO ALLOY INVESTIMENTO NO EXTERIOR FI MULTIMERCADO CRÉDITO PRIVADO;Cotas de FEEDER SPX NIMITZ FIC MULTIMERCADO;R$ 14.024,14661
BRADESCO ALLOY INVESTIMENTO NO EXTERIOR FI MULTIMERCADO CRÉDITO PRIVADO;NTN-B - Venc.: 15/08/2028;R$ 13.816,50690
BRADESCO ALLOY INVESTIMENTO NO EXTERIOR FI MULTIMERCADO CRÉDITO PRIVADO;Cotas de FEEDER IBIUNA STH FIC MULTIMERCADO;R$ 12.301,50641
BRADESCO ALLOY INVESTIMENTO NO EXTERIOR FI MULTIMERCADO CRÉDITO PRIVADO;Cotas de BRADESCO PORTFÓLIO HIGH GRADE FIC MULTIMERCADO CRÉDITO PRIVADO;R$ 10.349,59777
BRADESCO ALLOY INVESTIMENTO NO EXTERIOR FI MULTIMERCADO CRÉDITO PRIVADO;Operações Compromissadas - LFT - Venc: 01/03/2027;R$ 10.039,69484
BRADESCO ALLOY INVESTIMENTO NO EXTERIOR FI MULTIMERCADO CRÉDITO PRIVADO;Cotas de FEEDER ABSOLUTE VERTEX FIC MULTIMERCADO;R$ 9.524,16118
BRADESCO ALLOY INVESTIMENTO NO EXTERIOR FI MULTIMERCADO CRÉDITO PRIVADO;Cotas de FEEDER VERDE FIC MULTIMERCADO;R$ 8.749,53041
BRADESCO ALLOY INVESTIMENTO NO EXTERIOR FI MULTIMERCADO CRÉDITO PRIVADO;Cotas de BRADESCO FEEDER GLOBAL INCOME INVESTIMENTO NO EXTERIOR FIC MULTIMERCADO CRÉDITO PRIVADO;R$ 8.002,94549
BRADESCO ALLOY INVESTIMENTO NO EXTERIOR FI MULTIMERCADO CRÉDITO PRIVADO;Cotas de GENOA CAPITAL RADAR STB FIC MULTIMERCADO;R$ 7.767,48452
BRADESCO ALLOY INVESTIMENTO NO EXTERIOR FI MULTIMERCADO CRÉDITO PRIVADO;Cotas de IBIUNA LONG SHORT B FIC MULTIMERCADO;R$ 7.226,80256
BRADESCO ALLOY INVESTIMENTO NO EXTERIOR FI MULTIMERCADO CRÉDITO PRIVADO;Cotas de ABSOLUTE ALPHA MARB FIC MULTIMERCADO;R$ 6.844,69814
BRADESCO ALLOY INVESTIMENTO NO EXTERIOR FI MULTIMERCADO CRÉDITO PRIVADO;NTN-B - Venc.: 15/05/2030;R$ 5.715,77446
BRADESCO ALLOY INVESTIMENTO NO EXTERIOR FI MULTIMERCADO CRÉDITO PRIVADO;Cotas de BRADESCO PORTFÓLIO HIGH YIELD INVESTIMENTO NO EXTERIOR FIC MULTIMERCADO CRÉDITO PRIVADO;R$ 5.113,15291
BRADESCO ALLOY INVESTIMENTO NO EXTERIOR FI MULTIMERCADO CRÉDITO PRIVADO;Cotas de SQUADRA UDINE FIC AÇÕES;R$ 5.076,07310
BRADESCO ALLOY INVESTIMENTO NO EXTERIOR FI MULTIMERCADO CRÉDITO PRIVADO;Cotas de VERDE ESTRATÉGIA AM B60 FIC MULTIMERCADO;R$ 4.965,27443
BRADESCO ALLOY INVESTIMENTO NO EXTERIOR FI MULTIMERCADO CRÉDITO PRIVADO;Cotas de BLACKROCK GLOBAL EVENT DRIVEN INVESTIMENTO NO EXTERIOR FIC MULTIMERCADO;R$ 4.944,81961
BRADESCO ALLOY INVESTIMENTO NO EXTERIOR FI MULTIMERCADO CRÉDITO PRIVADO;Cotas de FEEDER TRUXT VALOR FIC AÇÕES;R$ 4.662,16495
BRADESCO ALLOY INVESTIMENTO NO EXTERIOR FI MULTIMERCADO CRÉDITO PRIVADO;Cotas de FEEDER CONSTELLATION FIC AÇÕES;R$ 4.238,40601
BRADESCO ALLOY INVESTIMENTO NO EXTERIOR FI MULTIMERCADO CRÉDITO PRIVADO;NTN-B - Venc.: 15/08/2026;R$ 4.207,85397
BRADESCO ALLOY INVESTIMENTO NO EXTERIOR FI MULTIMERCADO CRÉDITO PRIVADO;Cotas de FEEDER OCEANA LONG BIASED FIC AÇÕES;R$ 4.006,50760
BRADESCO ALLOY INVESTIMENTO NO EXTERIOR FI MULTIMERCADO CRÉDITO PRIVADO;Cotas de FEEDER ATMOS FIC AÇÕES;R$ 3.811,20691
BRADESCO ALLOY INVESTIMENTO NO EXTERIOR FI MULTIMERCADO CRÉDITO PRIVADO;NTN-B - Venc.: 15/08/2050;R$ 2.966,69863
BRADESCO ALLOY INVESTIMENTO NO EXTERIOR FI MULTIMERCADO CRÉDITO PRIVADO;Cotas de BRADESCO PORTFÓLIO LONG ONLY FIC AÇÕES;R$ 2.892,95558
BRADESCO ALLOY INVESTIMENTO NO EXTERIOR FI MULTIMERCADO CRÉDITO PRIVADO;Cotas de AP STB LS FIC AÇÕES;R$ 2.859,48652
BRADESCO ALLOY INVESTIMENTO NO EXTERIOR FI MULTIMERCADO CRÉDITO PRIVADO;Cotas de ESPELHO VELT FIC AÇÕES;R$ 1.951,74147
BRADESCO ALLOY INVESTIMENTO NO EXTERIOR FI MULTIMERCADO CRÉDITO PRIVADO;Cotas de FEEDER VELT 90 FIC AÇÕES;R$ 825,35710
BRADESCO ALLOY INVESTIMENTO NO EXTERIOR FI MULTIMERCADO CRÉDITO PRIVADO;Outros Valores a receber;R$ 36,07735
BRADESCO ALLOY INVESTIMENTO NO EXTERIOR FI MULTIMERCADO CRÉDITO PRIVADO;Outras Disponibilidades;R$ 10,00000
BRADESCO ALLOY INVESTIMENTO NO EXTERIOR FI MULTIMERCADO CRÉDITO PRIVADO;Outros Valores a pagar;-R$ 34,94529
CONDE INVESTIMENTO NO EXTERIOR FI AÇÕES;Cotas de ITAÚ FUND OF FUNDS MULTIGESTOR X FI AÇÕES;R$ 13.317,26254
CONDE INVESTIMENTO NO EXTERIOR FI AÇÕES;Cotas de SQUADRA LONG-ONLY STR FIC AÇÕES;R$ 10.527,68663
CONDE INVESTIMENTO NO EXTERIOR FI AÇÕES;Cotas de BOGARI VALUE A FIC AÇÕES;R$ 10.068,35970
CONDE INVESTIMENTO NO EXTERIOR FI AÇÕES;Cotas de ABSOLUTO PARTNERS I.2 FIC AÇÕES;R$ 9.351,98553
CONDE INVESTIMENTO NO EXTERIOR FI AÇÕES;Cotas de TRUXT II VALOR FIC AÇÕES;R$ 8.755,48476
CONDE INVESTIMENTO NO EXTERIOR FI AÇÕES;Cotas de PHANTOM FIC AÇÕES;R$ 7.783,44497
CONDE INVESTIMENTO NO EXTERIOR FI AÇÕES;Cotas de ATMOS ATIT FIC AÇÕES;R$ 7.337,46490
CONDE INVESTIMENTO NO EXTERIOR FI AÇÕES;Cotas de VELT II 90 A FIC AÇÕES;R$ 6.693,92220
CONDE INVESTIMENTO NO EXTERIOR FI AÇÕES;Cotas de NC IPB FIC AÇÕES;R$ 4.277,74990
CONDE INVESTIMENTO NO EXTERIOR FI AÇÕES;Cotas de ITAÚ VÉRTICE IBOVESPA EQUITIES FI AÇÕES;R$ 3.434,82729
CONDE INVESTIMENTO NO EXTERIOR FI AÇÕES;Cotas de VÉRTICE DYN COU FIC AÇÕES;R$ 877,46114
CONDE INVESTIMENTO NO EXTERIOR FI AÇÕES;Cotas de ITAÚ CAIXA FI AÇÕES;R$ 363,06101
CONDE INVESTIMENTO NO EXTERIOR FI AÇÕES;Outras Disponibilidades;R$ 55,71836
CONDE INVESTIMENTO NO EXTERIOR FI AÇÕES;Outros Valores a receber;R$ 27,98204
CONDE INVESTIMENTO NO EXTERIOR FI AÇÕES;Outros Valores a pagar;-R$ 45,88319
CONDE KINEA FI INFRA RENDA FIXA CRÉDITO PRIVADO;Operações Compromissadas - LTN - Venc: 01/01/2024;R$ 6.393,18566
CONDE KINEA FI INFRA RENDA FIXA CRÉDITO PRIVADO;Debênture Simples - SPLV11;R$ 4.905,98109
CONDE KINEA FI INFRA RENDA FIXA CRÉDITO PRIVADO;Debênture Simples - VSCL11;R$ 4.535,10034
CONDE KINEA FI INFRA RENDA FIXA CRÉDITO PRIVADO;Debênture Simples - CGEP12;R$ 4.501,52609
CONDE KINEA FI INFRA RENDA FIXA CRÉDITO PRIVADO;Debênture Simples - TJMM11;R$ 4.320,06993
CONDE KINEA FI INFRA RENDA FIXA CRÉDITO PRIVADO;Debênture Simples - TPSU12;R$ 4.040,82612
CONDE KINEA FI INFRA RENDA FIXA CRÉDITO PRIVADO;NTN-B - Venc.: 15/08/2050;R$ 3.999,67487
CONDE KINEA FI INFRA RENDA FIXA CRÉDITO PRIVADO;Debênture Simples - TAEE18;R$ 3.853,80918
CONDE KINEA FI INFRA RENDA FIXA CRÉDITO PRIVADO;Debênture Simples - VNYD12;R$ 3.686,37130
CONDE KINEA FI INFRA RENDA FIXA CRÉDITO PRIVADO;Debênture Simples - SPIV11;R$ 2.049,62569
CONDE KINEA FI INFRA RENDA FIXA CRÉDITO PRIVADO;Debênture Simples - SNRO11;R$ 1.384,49390
CONDE KINEA FI INFRA RENDA FIXA CRÉDITO PRIVADO;Debênture Simples - TRPI13;R$ 1.192,77059
CONDE KINEA FI INFRA RENDA FIXA CRÉDITO PRIVADO;Debênture Simples - SISE11;R$ 475,86926
CONDE KINEA FI INFRA RENDA FIXA CRÉDITO PRIVADO;Debênture Simples - FTSP11;R$ 324,84117
CONDE KINEA FI INFRA RENDA FIXA CRÉDITO PRIVADO;Debênture Simples - ARCV12;R$ 273,52800
CONDE KINEA FI INFRA RENDA FIXA CRÉDITO PRIVADO;Debênture Simples - VSEH11;R$ 266,69029
CONDE KINEA FI INFRA RENDA FIXA CRÉDITO PRIVADO;Mercado Futuro - Posições compradas - CUPOM DE DI x IPCA DAP;R$ 9,00662
CONDE KINEA FI INFRA RENDA FIXA CRÉDITO PRIVADO;Outros Valores a receber;R$ 6,99213
CONDE KINEA FI INFRA RENDA FIXA CRÉDITO PRIVADO;Outras Disponibilidades;R$ 2,17463
CONDE KINEA FI INFRA RENDA FIXA CRÉDITO PRIVADO;Outros Valores a pagar;-R$ 61,00860
CSHG 1527 FI MULTIMERCADO PREVIDENCIÁRIO CRÉDITO PRIVADO;Cotas de CSHG MASTER IA FI MULTIMERCADO PREVIDENCIÁRIO CRÉDITO PRIVADO;R$ 9.679,50356
CSHG 1527 FI MULTIMERCADO PREVIDENCIÁRIO CRÉDITO PRIVADO;Cotas de CSHG MASTER SOBERANO FI RENDA FIXA REFERENCIADO DI PREVIDENCIÁRIO;R$ 8.626,35737
CSHG 1527 FI MULTIMERCADO PREVIDENCIÁRIO CRÉDITO PRIVADO;Cotas de CSHG PORTFÓLIO INFLAÇÃO FI MULTIMERCADO PREVIDENCIÁRIO CRÉDITO PRIVADO;R$ 6.557,80401
CSHG 1527 FI MULTIMERCADO PREVIDENCIÁRIO CRÉDITO PRIVADO;Cotas de CSHG RETIREMENT HEDGE STRATEGY INVESTIMENTO NO EXTERIOR FI MULTIMERCADO CRÉDITO PRIVADO;R$ 4.225,53484
CSHG 1527 FI MULTIMERCADO PREVIDENCIÁRIO CRÉDITO PRIVADO;Cotas de CSHG SPX LANCER PLUS II PREV FIC MULTIMERCADO;R$ 2.453,37228
CSHG 1527 FI MULTIMERCADO PREVIDENCIÁRIO CRÉDITO PRIVADO;Cotas de CSHG OCCAM PREV PLUS II FIC MULTIMERCADO;R$ 1.999,42114
CSHG 1527 FI MULTIMERCADO PREVIDENCIÁRIO CRÉDITO PRIVADO;Cotas de CSHG VERDE AM PREVIDÊNCIA FIC MULTIMERCADO PREVIDENCIÁRIO;R$ 1.930,30587
CSHG 1527 FI MULTIMERCADO PREVIDENCIÁRIO CRÉDITO PRIVADO;Cotas de CSHG ABSOLUTE FIC MULTIMERCADO PREVIDENCIÁRIO;R$ 1.778,88552
CSHG 1527 FI MULTIMERCADO PREVIDENCIÁRIO CRÉDITO PRIVADO;Cotas de CSHG MASTER IA AÇÕES FI MULTIMERCADO PREVIDENCIÁRIO CRÉDITO PRIVADO;R$ 1.428,65097
CSHG 1527 FI MULTIMERCADO PREVIDENCIÁRIO CRÉDITO PRIVADO;Cotas de CSHG MILES VIRTUS FIC AÇÕES PREVIDENCIÁRIO;R$ 1.409,26581
CSHG 1527 FI MULTIMERCADO PREVIDENCIÁRIO CRÉDITO PRIVADO;Cotas de TRUXT CSHG PREVIDÊNCIA FIC AÇÕES;R$ 1.389,24385
CSHG 1527 FI MULTIMERCADO PREVIDENCIÁRIO CRÉDITO PRIVADO;Cotas de CSHG IBIUNA PREV II FIC MULTIMERCADO;R$ 1.156,30332
CSHG 1527 FI MULTIMERCADO PREVIDENCIÁRIO CRÉDITO PRIVADO;Cotas de CSHG VINTAGE ASSET ALLOCATION FIC MULTIMERCADO PREVIDENCIÁRIO;R$ 905,48239
CSHG 1527 FI MULTIMERCADO PREVIDENCIÁRIO CRÉDITO PRIVADO;Cotas de CSHG GENOA CAPITAL CRUISE PREV II FIC MULTIMERCADO;R$ 718,71586
CSHG 1527 FI MULTIMERCADO PREVIDENCIÁRIO CRÉDITO PRIVADO;Cotas de CSHG LEGACY CAPITAL PREV II FIC MULTIMERCADO;R$ 715,67278
CSHG 1527 FI MULTIMERCADO PREVIDENCIÁRIO CRÉDITO PRIVADO;Cotas de GAUSS FIFE FI MULTIMERCADO;R$ 707,83119
CSHG 1527 FI MULTIMERCADO PREVIDENCIÁRIO CRÉDITO PRIVADO;Cotas de CSHG NORTE PREV II FIC AÇÕES;R$ 676,98686
CSHG 1527 FI MULTIMERCADO PREVIDENCIÁRIO CRÉDITO PRIVADO;Cotas de CSHG CANVAS FIC MULTIMERCADO PREVIDENCIÁRIO;R$ 489,46817
CSHG 1527 FI MULTIMERCADO PREVIDENCIÁRIO CRÉDITO PRIVADO;Cotas de CSHG ACE CAPITAL PREV II FIC MULTIMERCADO;R$ 472,89909
CSHG 1527 FI MULTIMERCADO PREVIDENCIÁRIO CRÉDITO PRIVADO;Cotas de CSHG GRIMPER BLANC PREV II FIC MULTIMERCADO;R$ 446,38548
CSHG 1527 FI MULTIMERCADO PREVIDENCIÁRIO CRÉDITO PRIVADO;LFT - Venc: 01/09/2024;R$ 175,41493
CSHG 1527 FI MULTIMERCADO PREVIDENCIÁRIO CRÉDITO PRIVADO;Outros Valores a receber;R$ 7,94985
CSHG 1527 FI MULTIMERCADO PREVIDENCIÁRIO CRÉDITO PRIVADO;Mercado Futuro - Posições compradas - DI1;R$ 6,63060
CSHG 1527 FI MULTIMERCADO PREVIDENCIÁRIO CRÉDITO PRIVADO;Outras Disponibilidades;R$ 5,00000
CSHG 1527 FI MULTIMERCADO PREVIDENCIÁRIO CRÉDITO PRIVADO;Outros Valores a pagar;-R$ 23,95163
CSHG SILICON F INVESTIMENTO NO EXTERIOR FIC MULTIMERCADO CRÉDITO PRIVADO;Cotas de CSHG SILICON F INVESTIMENTO NO EXTERIOR FI MULTIMERCADO CRÉDITO PRIVADO;R$ 60.802,88850
CSHG SILICON F INVESTIMENTO NO EXTERIOR FIC MULTIMERCADO CRÉDITO PRIVADO;Outros Valores a receber;R$ 6,99213
CSHG SILICON F INVESTIMENTO NO EXTERIOR FIC MULTIMERCADO CRÉDITO PRIVADO;Outras Disponibilidades;R$ 4,99993
CSHG SILICON F INVESTIMENTO NO EXTERIOR FIC MULTIMERCADO CRÉDITO PRIVADO;Outros Valores a pagar;-R$ 5,18672
CSHG SILICON S INVESTIMENTO NO EXTERIOR FIC MULTIMERCADO CRÉDITO PRIVADO;Cotas de CSHG SILICON S INVESTIMENTO NO EXTERIOR FI MULTIMERCADO CRÉDITO PRIVADO;R$ 221.049,65616
CSHG SILICON S INVESTIMENTO NO EXTERIOR FIC MULTIMERCADO CRÉDITO PRIVADO;Outros Valores a receber;R$ 16,78132
CSHG SILICON S INVESTIMENTO NO EXTERIOR FIC MULTIMERCADO CRÉDITO PRIVADO;Outras Disponibilidades;R$ 4,31217
CSHG SILICON S INVESTIMENTO NO EXTERIOR FIC MULTIMERCADO CRÉDITO PRIVADO;Outros Valores a pagar;-R$ 7,12408
GDI KINEA DEBÊNTURES FI INFRA RENDA FIXA CRÉDITO PRIVADO;Debênture Simples - CLGE11;R$ 6.559,16514
GDI KINEA DEBÊNTURES FI INFRA RENDA FIXA CRÉDITO PRIVADO;Debênture Simples - SPLV11;R$ 3.294,06366
GDI KINEA DEBÊNTURES FI INFRA RENDA FIXA CRÉDITO PRIVADO;Debênture simples - CRMD11;R$ 2.842,64311
GDI KINEA DEBÊNTURES FI INFRA RENDA FIXA CRÉDITO PRIVADO;Debênture Simples - TJMM11;R$ 2.534,87411
GDI KINEA DEBÊNTURES FI INFRA RENDA FIXA CRÉDITO PRIVADO;Debênture Simples - TAEE18;R$ 2.430,46202
GDI KINEA DEBÊNTURES FI INFRA RENDA FIXA CRÉDITO PRIVADO;NTN-B - Venc.: 15/08/2050;R$ 2.342,78477
GDI KINEA DEBÊNTURES FI INFRA RENDA FIXA CRÉDITO PRIVADO;Debênture Simples - SISE11;R$ 1.944,53657
GDI KINEA DEBÊNTURES FI INFRA RENDA FIXA CRÉDITO PRIVADO;Debênture Simples - VSCL12;R$ 1.888,14390
GDI KINEA DEBÊNTURES FI INFRA RENDA FIXA CRÉDITO PRIVADO;Debênture simples - SOTE11;R$ 1.706,23069
GDI KINEA DEBÊNTURES FI INFRA RENDA FIXA CRÉDITO PRIVADO;Debênture Simples - EREN13;R$ 1.526,97028
GDI KINEA DEBÊNTURES FI INFRA RENDA FIXA CRÉDITO PRIVADO;Debênture Simples - VSEH11;R$ 1.435,38643
GDI KINEA DEBÊNTURES FI INFRA RENDA FIXA CRÉDITO PRIVADO;Debênture Simples - SNRO11;R$ 1.253,26707
GDI KINEA DEBÊNTURES FI INFRA RENDA FIXA CRÉDITO PRIVADO;Debênture Simples - VNYD12;R$ 1.220,01336
GDI KINEA DEBÊNTURES FI INFRA RENDA FIXA CRÉDITO PRIVADO;Debênture Simples - VSCL11;R$ 1.149,40139
GDI KINEA DEBÊNTURES FI INFRA RENDA FIXA CRÉDITO PRIVADO;Debênture Simples - TPSU12;R$ 1.003,23084
GDI KINEA DEBÊNTURES FI INFRA RENDA FIXA CRÉDITO PRIVADO;Operações Compromissadas - LTN - Venc: 01/01/2024;R$ 971,31328
GDI KINEA DEBÊNTURES FI INFRA RENDA FIXA CRÉDITO PRIVADO;Debênture simples - VSLE11;R$ 682,00533
GDI KINEA DEBÊNTURES FI INFRA RENDA FIXA CRÉDITO PRIVADO;Debênture simples - UNEG11;R$ 593,82334
GDI KINEA DEBÊNTURES FI INFRA RENDA FIXA CRÉDITO PRIVADO;Debênture Simples - BBRM11;R$ 568,91555
GDI KINEA DEBÊNTURES FI INFRA RENDA FIXA CRÉDITO PRIVADO;Debênture Simples - TRPI13;R$ 512,64238
GDI KINEA DEBÊNTURES FI INFRA RENDA FIXA CRÉDITO PRIVADO;Debênture Simples - EREN23;R$ 466,05359
GDI KINEA DEBÊNTURES FI INFRA RENDA FIXA CRÉDITO PRIVADO;Debênture Simples - ARCV12;R$ 371,14754
GDI KINEA DEBÊNTURES FI INFRA RENDA FIXA CRÉDITO PRIVADO;Debênture Simples - CGEP12;R$ 294,87991
GDI KINEA DEBÊNTURES FI INFRA RENDA FIXA CRÉDITO PRIVADO;LFT - Venc.: 01/09/2022;R$ 175,80184
GDI KINEA DEBÊNTURES FI INFRA RENDA FIXA CRÉDITO PRIVADO;Outros Valores a receber;R$ 5,24417
GDI KINEA DEBÊNTURES FI INFRA RENDA FIXA CRÉDITO PRIVADO;Outras Disponibilidades;R$ 2,57656
GDI KINEA DEBÊNTURES FI INFRA RENDA FIXA CRÉDITO PRIVADO;Mercado Futuro - Posições compradas - CUPOM DE DI x IPCA DAP;-R$ 0,20595
GDI KINEA DEBÊNTURES FI INFRA RENDA FIXA CRÉDITO PRIVADO;Outros Valores a pagar;-R$ 39,44464
IMPACTO 1908 FI MULTIMERCADO CRÉDITO PRIVADO;Letra Financeira - BANCO BRADESCO S.A. (60.746.948/0001-12) - Venc.: 20/01/2025 - Indexador: CDI;R$ 9.271,12332
IMPACTO 1908 FI MULTIMERCADO CRÉDITO PRIVADO;Letra Financeira - BANCO PINE S.A. (62.144.175/0001-20) - Venc.: 23/10/2024 - Indexador: CDI;R$ 6.109,02583
IMPACTO 1908 FI MULTIMERCADO CRÉDITO PRIVADO;Letra Financeira - BANCO SAFRA S.A. (58.160.789/0001-28) - Venc.: 19/10/2023 - Indexador: IPCA;R$ 5.784,36971
IMPACTO 1908 FI MULTIMERCADO CRÉDITO PRIVADO;Letra Financeira - BANCO ABC BRASIL S.A. (28.195.667/0001-06) - Venc.: 15/02/2023;R$ 5.696,78737
IMPACTO 1908 FI MULTIMERCADO CRÉDITO PRIVADO;Letra Financeira - BANCO DAYCOVAL S.A. (62.232.889/0001-90) - Venc.: 15/03/2024 - Indexador: CDI;R$ 4.057,68344
IMPACTO 1908 FI MULTIMERCADO CRÉDITO PRIVADO;Letra Financeira - ITAÚ UNIBANCO S.A. (60.701.190/0001-04) - Venc.: 29/08/2022 - Indexador: IPCA;R$ 2.766,70826
IMPACTO 1908 FI MULTIMERCADO CRÉDITO PRIVADO;Letra Financeira - BANCO ABC BRASIL S.A. (28.195.667/0001-06) - Venc.: 14/08/2025 - Indexador: CDI;R$ 2.681,58001
IMPACTO 1908 FI MULTIMERCADO CRÉDITO PRIVADO;Letra Financeira - BANCO BRADESCO S.A. (60.746.948/0001-12) - Venc.: 20/01/2025 - Indexador: CDI;R$ 2.584,85618
IMPACTO 1908 FI MULTIMERCADO CRÉDITO PRIVADO;Letra Financeira - BANCO SAFRA S.A. (58.160.789/0001-28) - Venc.: 05/04/2024 - Indexador: CDI;R$ 2.506,18712
IMPACTO 1908 FI MULTIMERCADO CRÉDITO PRIVADO;CDB/ RDB - BANCO MERCANTIL BRASIL S.A. (17.184.037/0001-10) - Venc.: 24/03/2023 - Indexador: CDI;R$ 2.050,42917
IMPACTO 1908 FI MULTIMERCADO CRÉDITO PRIVADO;CDB/ RDB - BANCO MERCANTIL BRASIL S.A. (17.184.037/0001-10) - Venc.: 31/05/2023 - Indexador: CDI;R$ 1.000,00000
IMPACTO 1908 FI MULTIMERCADO CRÉDITO PRIVADO;CDB/ RDB - BANCO MERCANTIL BRASIL S.A. (17.184.037/0001-10) - Venc.: 31/05/2023 - Indexador: CDI;R$ 1.000,00000
IMPACTO 1908 FI MULTIMERCADO CRÉDITO PRIVADO;Letra Financeira - ITAÚ UNIBANCO S.A. (60.701.190/0001-04) - Venc.: 29/08/2022 - Indexador: IPCA;R$ 922,56150
IMPACTO 1908 FI MULTIMERCADO CRÉDITO PRIVADO;Letra Financeira - BANCO BRADESCO S.A. (60.746.948/0001-12) - Venc.: 21/11/2022 - Indexador: CDI;R$ 558,75867
IMPACTO 1908 FI MULTIMERCADO CRÉDITO PRIVADO;MRV ON NM - MRVE3;R$ 483,00000
IMPACTO 1908 FI MULTIMERCADO CRÉDITO PRIVADO;Letra Financeira - BANCO BRADESCO S.A. (60.746.948/0001-12) - Venc.: 15/01/2024 - Indexador: CDI;R$ 461,87233
IMPACTO 1908 FI MULTIMERCADO CRÉDITO PRIVADO;Cotas de SANTANDER CASH BLUE FI RENDA FIXA REFERENCIADO DI;R$ 238,24401
IMPACTO 1908 FI MULTIMERCADO CRÉDITO PRIVADO;Outros Valores a receber;R$ 12,13753
IMPACTO 1908 FI MULTIMERCADO CRÉDITO PRIVADO;Outras Disponibilidades;R$ 6,59483
IMPACTO 1908 FI MULTIMERCADO CRÉDITO PRIVADO;Outros Valores a pagar;-R$ 23,67637
IRMAZI C INVESTIMENTO NO EXTERIOR FI MULTIMERCADO CRÉDITO PRIVADO;LTN - Venc: 01/01/2025;R$ 13.194,13042
IRMAZI C INVESTIMENTO NO EXTERIOR FI MULTIMERCADO CRÉDITO PRIVADO;NTN-B - Venc.: 15/08/2040;R$ 4.039,64822
IRMAZI C INVESTIMENTO NO EXTERIOR FI MULTIMERCADO CRÉDITO PRIVADO;NTN-B - Venc.: 15/05/2035;R$ 3.965,81486
IRMAZI C INVESTIMENTO NO EXTERIOR FI MULTIMERCADO CRÉDITO PRIVADO;Cotas de SPX RAPTOR FEEDER INVESTIMENTO NO EXTERIOR FIC MULTIMERCADO CRÉDITO PRIVADO;R$ 3.372,53616
IRMAZI C INVESTIMENTO NO EXTERIOR FI MULTIMERCADO CRÉDITO PRIVADO;Cotas de ITAÚ VÉRTICE ACTIVE FIX 5 FIC RENDA FIXA CRÉDITO PRIVADO;R$ 2.905,63949
IRMAZI C INVESTIMENTO NO EXTERIOR FI MULTIMERCADO CRÉDITO PRIVADO;Cotas de ITAÚ VÉRTICE FIC RENDA FIXA REFERENCIADO DI;R$ 2.663,73144
IRMAZI C INVESTIMENTO NO EXTERIOR FI MULTIMERCADO CRÉDITO PRIVADO;Cotas de CAPSTONE MACRO A FIC MULTIMERCADO;R$ 2.490,85734
IRMAZI C INVESTIMENTO NO EXTERIOR FI MULTIMERCADO CRÉDITO PRIVADO;Cotas de KAPITALO ZETA A FIC MULTIMERCADO;R$ 2.156,67715
IRMAZI C INVESTIMENTO NO EXTERIOR FI MULTIMERCADO CRÉDITO PRIVADO;Cotas de LEGACY CAPITAL A FIC MULTIMERCADO;R$ 2.146,61346
IRMAZI C INVESTIMENTO NO EXTERIOR FI MULTIMERCADO CRÉDITO PRIVADO;Cotas de GENOA CAPITAL RADAR A FIC MULTIMERCADO;R$ 1.955,28892
IRMAZI C INVESTIMENTO NO EXTERIOR FI MULTIMERCADO CRÉDITO PRIVADO;Cotas de VÉRTICE VERDE 60 FIC MULTIMERCADO;R$ 1.856,62715
IRMAZI C INVESTIMENTO NO EXTERIOR FI MULTIMERCADO CRÉDITO PRIVADO;Cotas de ITAÚ FUND OF FUNDS MULTIGESTOR X FIC MULTIMERCADO;R$ 1.686,42994
IRMAZI C INVESTIMENTO NO EXTERIOR FI MULTIMERCADO CRÉDITO PRIVADO;Cotas de VÉRTICE FOF LONG AND SHORT ALOCAÇÃO 25 FIC MULTIMERCADO;R$ 1.523,08712
IRMAZI C INVESTIMENTO NO EXTERIOR FI MULTIMERCADO CRÉDITO PRIVADO;Cotas de ITAÚ FUND OF FUNDS MULTIGESTOR X FI AÇÕES;R$ 1.322,13501
IRMAZI C INVESTIMENTO NO EXTERIOR FI MULTIMERCADO CRÉDITO PRIVADO;Cotas de ABSOLUTO PARTNERS I.2 FIC AÇÕES;R$ 1.221,17195
IRMAZI C INVESTIMENTO NO EXTERIOR FI MULTIMERCADO CRÉDITO PRIVADO;Cotas de ITAÚ CRÉDITO ESTRUTURADO AGRO MASTER FI MULTIMERCADO CRÉDITO PRIVADO;R$ 1.125,26974
IRMAZI C INVESTIMENTO NO EXTERIOR FI MULTIMERCADO CRÉDITO PRIVADO;Cotas de SQUADRA LONG-ONLY STR FIC AÇÕES;R$ 1.051,20169
IRMAZI C INVESTIMENTO NO EXTERIOR FI MULTIMERCADO CRÉDITO PRIVADO;Cotas de BOGARI VALUE A FIC AÇÕES;R$ 1.040,48349
IRMAZI C INVESTIMENTO NO EXTERIOR FI MULTIMERCADO CRÉDITO PRIVADO;Cotas de VELT II 90 A FIC AÇÕES;R$ 806,37591
IRMAZI C INVESTIMENTO NO EXTERIOR FI MULTIMERCADO CRÉDITO PRIVADO;Cotas de ITAÚ FOF MASTER LONG BIAS FI AÇÕES;R$ 721,66927
IRMAZI C INVESTIMENTO NO EXTERIOR FI MULTIMERCADO CRÉDITO PRIVADO;Letra Financeira - BANCO BRADESCO S.A. (60.746.948/0001-12) - Venc.: 14/09/2026 - Indexador: CDI;R$ 602,60401
IRMAZI C INVESTIMENTO NO EXTERIOR FI MULTIMERCADO CRÉDITO PRIVADO;Cotas de DYNAMO COUGAR FIC AÇÕES;R$ 556,54198
IRMAZI C INVESTIMENTO NO EXTERIOR FI MULTIMERCADO CRÉDITO PRIVADO;Cotas de ITAÚ VÉRTICE COMPROMISSO FIC RENDA FIXA REFERENCIADO DI;R$ 443,75979
IRMAZI C INVESTIMENTO NO EXTERIOR FI MULTIMERCADO CRÉDITO PRIVADO;Cotas de ITAÚ VÉRTICE IBOVESPA EQUITIES FI AÇÕES;R$ 294,35662
IRMAZI C INVESTIMENTO NO EXTERIOR FI MULTIMERCADO CRÉDITO PRIVADO;Letra Financeira - BANCO BRADESCO S.A. (60.746.948/0001-12) - Venc.: 03/07/2023 - Indexador: CDI;R$ 226,05465
IRMAZI C INVESTIMENTO NO EXTERIOR FI MULTIMERCADO CRÉDITO PRIVADO;Outras Disponibilidades;R$ 32,04725
IRMAZI C INVESTIMENTO NO EXTERIOR FI MULTIMERCADO CRÉDITO PRIVADO;Outros Valores a receber;R$ 10,25122
IRMAZI C INVESTIMENTO NO EXTERIOR FI MULTIMERCADO CRÉDITO PRIVADO;Outros Valores a pagar;-R$ 5,77543
IRMAZI F INVESTIMENTO NO EXTERIOR FI MULTIMERCADO CRÉDITO PRIVADO;LTN - Venc: 01/01/2025;R$ 8.948,59322
IRMAZI F INVESTIMENTO NO EXTERIOR FI MULTIMERCADO CRÉDITO PRIVADO;NTN-B - Venc.: 15/08/2040;R$ 2.754,11650
IRMAZI F INVESTIMENTO NO EXTERIOR FI MULTIMERCADO CRÉDITO PRIVADO;NTN-B - Venc.: 15/05/2035;R$ 2.720,11606
IRMAZI F INVESTIMENTO NO EXTERIOR FI MULTIMERCADO CRÉDITO PRIVADO;Cotas de SPX RAPTOR FEEDER INVESTIMENTO NO EXTERIOR FIC MULTIMERCADO CRÉDITO PRIVADO;R$ 2.286,72120
IRMAZI F INVESTIMENTO NO EXTERIOR FI MULTIMERCADO CRÉDITO PRIVADO;Cotas de ITAÚ VÉRTICE ACTIVE FIX 5 FIC RENDA FIXA CRÉDITO PRIVADO;R$ 2.010,34692
IRMAZI F INVESTIMENTO NO EXTERIOR FI MULTIMERCADO CRÉDITO PRIVADO;Cotas de CAPSTONE MACRO A FIC MULTIMERCADO;R$ 1.703,54575
IRMAZI F INVESTIMENTO NO EXTERIOR FI MULTIMERCADO CRÉDITO PRIVADO;Cotas de ITAÚ VÉRTICE FIC RENDA FIXA REFERENCIADO DI;R$ 1.646,36005
IRMAZI F INVESTIMENTO NO EXTERIOR FI MULTIMERCADO CRÉDITO PRIVADO;Cotas de KAPITALO ZETA A FIC MULTIMERCADO;R$ 1.467,77954
IRMAZI F INVESTIMENTO NO EXTERIOR FI MULTIMERCADO CRÉDITO PRIVADO;Cotas de LEGACY CAPITAL A FIC MULTIMERCADO;R$ 1.458,46267
IRMAZI F INVESTIMENTO NO EXTERIOR FI MULTIMERCADO CRÉDITO PRIVADO;Cotas de GENOA CAPITAL RADAR A FIC MULTIMERCADO;R$ 1.325,33732
IRMAZI F INVESTIMENTO NO EXTERIOR FI MULTIMERCADO CRÉDITO PRIVADO;Cotas de VÉRTICE VERDE 60 FIC MULTIMERCADO;R$ 1.261,65184
IRMAZI F INVESTIMENTO NO EXTERIOR FI MULTIMERCADO CRÉDITO PRIVADO;Cotas de ITAÚ FUND OF FUNDS MULTIGESTOR X FIC MULTIMERCADO;R$ 1.145,76649
IRMAZI F INVESTIMENTO NO EXTERIOR FI MULTIMERCADO CRÉDITO PRIVADO;Cotas de VÉRTICE FOF LONG AND SHORT ALOCAÇÃO 25 FIC MULTIMERCADO;R$ 1.034,66979
IRMAZI F INVESTIMENTO NO EXTERIOR FI MULTIMERCADO CRÉDITO PRIVADO;Cotas de ITAÚ FUND OF FUNDS MULTIGESTOR X FI AÇÕES;R$ 896,46308
IRMAZI F INVESTIMENTO NO EXTERIOR FI MULTIMERCADO CRÉDITO PRIVADO;Cotas de ABSOLUTO PARTNERS I.2 FIC AÇÕES;R$ 834,77779
IRMAZI F INVESTIMENTO NO EXTERIOR FI MULTIMERCADO CRÉDITO PRIVADO;Cotas de ITAÚ CRÉDITO ESTRUTURADO AGRO MASTER FI MULTIMERCADO CRÉDITO PRIVADO;R$ 763,15288
IRMAZI F INVESTIMENTO NO EXTERIOR FI MULTIMERCADO CRÉDITO PRIVADO;Cotas de SQUADRA LONG-ONLY STR FIC AÇÕES;R$ 707,55953
IRMAZI F INVESTIMENTO NO EXTERIOR FI MULTIMERCADO CRÉDITO PRIVADO;Cotas de BOGARI VALUE A FIC AÇÕES;R$ 700,97036
IRMAZI F INVESTIMENTO NO EXTERIOR FI MULTIMERCADO CRÉDITO PRIVADO;Cotas de VELT II 90 A FIC AÇÕES;R$ 552,99719
IRMAZI F INVESTIMENTO NO EXTERIOR FI MULTIMERCADO CRÉDITO PRIVADO;Cotas de ITAÚ FOF MASTER LONG BIAS FI AÇÕES;R$ 481,11285
IRMAZI F INVESTIMENTO NO EXTERIOR FI MULTIMERCADO CRÉDITO PRIVADO;Letra Financeira - BANCO BRADESCO S.A. (60.746.948/0001-12) - Venc.: 14/09/2026 - Indexador: CDI;R$ 383,47528
IRMAZI F INVESTIMENTO NO EXTERIOR FI MULTIMERCADO CRÉDITO PRIVADO;Cotas de DYNAMO COUGAR FIC AÇÕES;R$ 377,35884
IRMAZI F INVESTIMENTO NO EXTERIOR FI MULTIMERCADO CRÉDITO PRIVADO;Cotas de ITAÚ VÉRTICE COMPROMISSO FIC RENDA FIXA REFERENCIADO DI;R$ 297,20866
IRMAZI F INVESTIMENTO NO EXTERIOR FI MULTIMERCADO CRÉDITO PRIVADO;Letra Financeira - BANCO BRADESCO S.A. (60.746.948/0001-12) - Venc.: 03/07/2023 - Indexador: CDI;R$ 226,05465
IRMAZI F INVESTIMENTO NO EXTERIOR FI MULTIMERCADO CRÉDITO PRIVADO;Cotas de ITAÚ VÉRTICE IBOVESPA EQUITIES FI AÇÕES;R$ 196,23775
IRMAZI F INVESTIMENTO NO EXTERIOR FI MULTIMERCADO CRÉDITO PRIVADO;Outras Disponibilidades;R$ 38,24353
IRMAZI F INVESTIMENTO NO EXTERIOR FI MULTIMERCADO CRÉDITO PRIVADO;Outros Valores a receber;R$ 7,45360
IRMAZI F INVESTIMENTO NO EXTERIOR FI MULTIMERCADO CRÉDITO PRIVADO;Outros Valores a pagar;-R$ 5,51928
IRMAZI S INVESTIMENTO NO EXTERIOR FI MULTIMERCADO CRÉDITO PRIVADO;LTN - Venc: 01/01/2025;R$ 29.049,11297
IRMAZI S INVESTIMENTO NO EXTERIOR FI MULTIMERCADO CRÉDITO PRIVADO;NTN-B - Venc.: 15/08/2040;R$ 8.894,71460
IRMAZI S INVESTIMENTO NO EXTERIOR FI MULTIMERCADO CRÉDITO PRIVADO;NTN-B - Venc.: 15/05/2035;R$ 8.760,73416
IRMAZI S INVESTIMENTO NO EXTERIOR FI MULTIMERCADO CRÉDITO PRIVADO;Cotas de SPX RAPTOR FEEDER INVESTIMENTO NO EXTERIOR FIC MULTIMERCADO CRÉDITO PRIVADO;R$ 7.422,71841
IRMAZI S INVESTIMENTO NO EXTERIOR FI MULTIMERCADO CRÉDITO PRIVADO;Cotas de ITAÚ VÉRTICE ACTIVE FIX 5 FIC RENDA FIXA CRÉDITO PRIVADO;R$ 6.443,46946
IRMAZI S INVESTIMENTO NO EXTERIOR FI MULTIMERCADO CRÉDITO PRIVADO;Cotas de ITAÚ VÉRTICE FIC RENDA FIXA REFERENCIADO DI;R$ 5.939,62270
IRMAZI S INVESTIMENTO NO EXTERIOR FI MULTIMERCADO CRÉDITO PRIVADO;Cotas de CAPSTONE MACRO A FIC MULTIMERCADO;R$ 5.481,58390
IRMAZI S INVESTIMENTO NO EXTERIOR FI MULTIMERCADO CRÉDITO PRIVADO;Cotas de KAPITALO ZETA A FIC MULTIMERCADO;R$ 4.736,47395
IRMAZI S INVESTIMENTO NO EXTERIOR FI MULTIMERCADO CRÉDITO PRIVADO;Cotas de LEGACY CAPITAL A FIC MULTIMERCADO;R$ 4.720,65960
IRMAZI S INVESTIMENTO NO EXTERIOR FI MULTIMERCADO CRÉDITO PRIVADO;Cotas de GENOA CAPITAL RADAR A FIC MULTIMERCADO;R$ 4.298,34882
IRMAZI S INVESTIMENTO NO EXTERIOR FI MULTIMERCADO CRÉDITO PRIVADO;Cotas de VÉRTICE VERDE 60 FIC MULTIMERCADO;R$ 4.081,10311
IRMAZI S INVESTIMENTO NO EXTERIOR FI MULTIMERCADO CRÉDITO PRIVADO;Cotas de ITAÚ FUND OF FUNDS MULTIGESTOR X FIC MULTIMERCADO;R$ 3.707,41771
IRMAZI S INVESTIMENTO NO EXTERIOR FI MULTIMERCADO CRÉDITO PRIVADO;Cotas de VÉRTICE FOF LONG AND SHORT ALOCAÇÃO 25 FIC MULTIMERCADO;R$ 3.348,43239
IRMAZI S INVESTIMENTO NO EXTERIOR FI MULTIMERCADO CRÉDITO PRIVADO;Cotas de ITAÚ FUND OF FUNDS MULTIGESTOR X FI AÇÕES;R$ 2.909,92754
IRMAZI S INVESTIMENTO NO EXTERIOR FI MULTIMERCADO CRÉDITO PRIVADO;Cotas de ABSOLUTO PARTNERS I.2 FIC AÇÕES;R$ 2.690,97840
IRMAZI S INVESTIMENTO NO EXTERIOR FI MULTIMERCADO CRÉDITO PRIVADO;Cotas de ITAÚ CRÉDITO ESTRUTURADO AGRO MASTER FI MULTIMERCADO CRÉDITO PRIVADO;R$ 2.477,92012
IRMAZI S INVESTIMENTO NO EXTERIOR FI MULTIMERCADO CRÉDITO PRIVADO;Cotas de SQUADRA LONG-ONLY STR FIC AÇÕES;R$ 2.308,19165
IRMAZI S INVESTIMENTO NO EXTERIOR FI MULTIMERCADO CRÉDITO PRIVADO;Cotas de BOGARI VALUE A FIC AÇÕES;R$ 2.285,31000
IRMAZI S INVESTIMENTO NO EXTERIOR FI MULTIMERCADO CRÉDITO PRIVADO;Cotas de VELT II 90 A FIC AÇÕES;R$ 1.777,78492
IRMAZI S INVESTIMENTO NO EXTERIOR FI MULTIMERCADO CRÉDITO PRIVADO;Cotas de ITAÚ FOF MASTER LONG BIAS FI AÇÕES;R$ 1.603,70949
IRMAZI S INVESTIMENTO NO EXTERIOR FI MULTIMERCADO CRÉDITO PRIVADO;Letra Financeira - BANCO BRADESCO S.A. (60.746.948/0001-12) - Venc.: 14/09/2026 - Indexador: CDI;R$ 1.314,77239
IRMAZI S INVESTIMENTO NO EXTERIOR FI MULTIMERCADO CRÉDITO PRIVADO;Cotas de DYNAMO COUGAR FIC AÇÕES;R$ 1.224,91033
IRMAZI S INVESTIMENTO NO EXTERIOR FI MULTIMERCADO CRÉDITO PRIVADO;Cotas de ITAÚ VÉRTICE COMPROMISSO FIC RENDA FIXA REFERENCIADO DI;R$ 988,05694
IRMAZI S INVESTIMENTO NO EXTERIOR FI MULTIMERCADO CRÉDITO PRIVADO;Cotas de ITAÚ VÉRTICE IBOVESPA EQUITIES FI AÇÕES;R$ 654,12583
IRMAZI S INVESTIMENTO NO EXTERIOR FI MULTIMERCADO CRÉDITO PRIVADO;Letra Financeira - BANCO BRADESCO S.A. (60.746.948/0001-12) - Venc.: 03/07/2023 - Indexador: CDI;R$ 452,10929
IRMAZI S INVESTIMENTO NO EXTERIOR FI MULTIMERCADO CRÉDITO PRIVADO;Outros Valores a receber;R$ 18,35285
IRMAZI S INVESTIMENTO NO EXTERIOR FI MULTIMERCADO CRÉDITO PRIVADO;Outras Disponibilidades;R$ 3,61828
IRMAZI S INVESTIMENTO NO EXTERIOR FI MULTIMERCADO CRÉDITO PRIVADO;Outros Valores a pagar;-R$ 6,58750
SÃO PEDRO FI AÇÕES BDR NÍVEL I;PETROBRAS PN - PETR4;R$ 14.729,40000
SÃO PEDRO FI AÇÕES BDR NÍVEL I;Cotas de SITA MIX FI MULTIMERCADO CRÉDITO PRIVADO;R$ 12.465,58760
SÃO PEDRO FI AÇÕES BDR NÍVEL I;VALE ON N1 - VALE3;R$ 11.207,30000
SÃO PEDRO FI AÇÕES BDR NÍVEL I;BRADESCO PN N1 - BBDC4;R$ 8.964,97800
SÃO PEDRO FI AÇÕES BDR NÍVEL I;SUZANO PAPEL ON NM - SUZB3;R$ 8.560,00000
SÃO PEDRO FI AÇÕES BDR NÍVEL I;ITAUSA PN N1 - ITSA4;R$ 7.863,80000
SÃO PEDRO FI AÇÕES BDR NÍVEL I;BRASKEM PNA N1 - BRKM5;R$ 7.391,45000
SÃO PEDRO FI AÇÕES BDR NÍVEL I;GERDAU MET PN N1 - GOAU4;R$ 6.460,70000
SÃO PEDRO FI AÇÕES BDR NÍVEL I;Ações / VIBRA / CNPJ do emissor: 34.274.233/0001-02 / Denominação Social do emissor: VIBRA;R$ 6.415,20000
SÃO PEDRO FI AÇÕES BDR NÍVEL I;VULCABRAS ON - VULC3;R$ 5.760,00000
SÃO PEDRO FI AÇÕES BDR NÍVEL I;USIMINAS PNA N1 - USIM5;R$ 5.480,00000
SÃO PEDRO FI AÇÕES BDR NÍVEL I;Outras Disponibilidades;R$ 4.085,37101
SÃO PEDRO FI AÇÕES BDR NÍVEL I;TRAN PAULIST PN N1 - TRPL4;R$ 3.642,00000
SÃO PEDRO FI AÇÕES BDR NÍVEL I;MRV ON NM - MRVE3;R$ 3.586,75800
SÃO PEDRO FI AÇÕES BDR NÍVEL I;CAMIL ON NM - CAML3;R$ 2.877,00000
SÃO PEDRO FI AÇÕES BDR NÍVEL I;FERBASA PN N1 - FESA4;R$ 2.830,14900
SÃO PEDRO FI AÇÕES BDR NÍVEL I;Ações / INTELBRAS / CNPJ do emissor: 10.535.290/0001-21 / Denominação Social do emissor: INTELBRAS;R$ 2.092,80000
SÃO PEDRO FI AÇÕES BDR NÍVEL I;Outros Valores a receber;R$ 2.089,01887
SÃO PEDRO FI AÇÕES BDR NÍVEL I;CIELO ON NM - CIEL3;R$ 1.580,00000
SÃO PEDRO FI AÇÕES BDR NÍVEL I;PINE PN N2 - PINE4;R$ 1.508,35433
SÃO PEDRO FI AÇÕES BDR NÍVEL I;IRBBRASIL RE ON NM - IRBR3;R$ 1.470,00000
SÃO PEDRO FI AÇÕES BDR NÍVEL I;BBSEGURIDADE ON NM - BBSE3;R$ 806,40000
SÃO PEDRO FI AÇÕES BDR NÍVEL I;Ações / BANCO BMG / CNPJ do emissor: 09.512.143/0001-57 / Denominação Social do emissor: BANCO BMG;R$ 693,60000
SÃO PEDRO FI AÇÕES BDR NÍVEL I;Ações / HIDROVIAS / CNPJ do emissor: 57.755.217/0001-29 / Denominação Social do emissor: HIDROVIAS;R$ 628,00000
SÃO PEDRO FI AÇÕES BDR NÍVEL I;RANDON PART PN N1 - RAPT4;R$ 511,50000
SÃO PEDRO FI AÇÕES BDR NÍVEL I;Ações / CSNMINERACAO / CNPJ do emissor: 08.902.291/0001-15 / Denominação Social do emissor: CSNMINERACAO;R$ 483,00000
SÃO PEDRO FI AÇÕES BDR NÍVEL I;CEMIG PN N1 - CMIG4;R$ 0,87375
SÃO PEDRO FI AÇÕES BDR NÍVEL I;Opções - Posições lançadas - PETRF397;-R$ 14,40000
SÃO PEDRO FI AÇÕES BDR NÍVEL I;Opções - Posições lançadas - BBSEF260;-R$ 30,00000
SÃO PEDRO FI AÇÕES BDR NÍVEL I;Opções - Posições lançadas / GOAUF125 / CNPJ do emissor: 92.690.783/0001-09 / Denominação Social do emissor: GERDAU MET;-R$ 94,50000
SÃO PEDRO FI AÇÕES BDR NÍVEL I;Outros Valores a pagar;-R$ 1.059,17357
SILICON C INVESTIMENTO NO EXTERIOR FI MULTIMERCADO CRÉDITO PRIVADO;Cotas de ITAÚ VÉRTICE FIC RENDA FIXA REFERENCIADO DI;R$ 18.628,06168
SILICON C INVESTIMENTO NO EXTERIOR FI MULTIMERCADO CRÉDITO PRIVADO;NTN-B - Venc.: 15/05/2035;R$ 6.832,96422
SILICON C INVESTIMENTO NO EXTERIOR FI MULTIMERCADO CRÉDITO PRIVADO;NTN-B - Venc.: 15/08/2040;R$ 6.756,32204
SILICON C INVESTIMENTO NO EXTERIOR FI MULTIMERCADO CRÉDITO PRIVADO;Cotas de JIVE CSHG DISTRESSED ALLOCATION II FIC MULTIMERCADO CRÉDITO PRIVADO;R$ 4.515,81235
SILICON C INVESTIMENTO NO EXTERIOR FI MULTIMERCADO CRÉDITO PRIVADO;Cotas de VÉRTICE VERDE 60 FIC MULTIMERCADO;R$ 4.361,03145
SILICON C INVESTIMENTO NO EXTERIOR FI MULTIMERCADO CRÉDITO PRIVADO;Cotas de KAPITALO ZETA A FIC MULTIMERCADO;R$ 3.897,07727
SILICON C INVESTIMENTO NO EXTERIOR FI MULTIMERCADO CRÉDITO PRIVADO;Cotas de CRUSADER INVESTIMENTO NO EXTERIOR FIC MULTIMERCADO CRÉDITO PRIVADO;R$ 3.711,94515
SILICON C INVESTIMENTO NO EXTERIOR FI MULTIMERCADO CRÉDITO PRIVADO;Cotas de LEGACY CAPITAL A FIC MULTIMERCADO;R$ 3.605,48311
SILICON C INVESTIMENTO NO EXTERIOR FI MULTIMERCADO CRÉDITO PRIVADO;Cotas de ITAÚ FUND OF FUNDS MULTIGESTOR X FI AÇÕES;R$ 3.598,92293
SILICON C INVESTIMENTO NO EXTERIOR FI MULTIMERCADO CRÉDITO PRIVADO;Cotas de ITAÚ VÉRTICE OPTIMUS EXTREME FIC MULTIMERCADO;R$ 3.431,10528
SILICON C INVESTIMENTO NO EXTERIOR FI MULTIMERCADO CRÉDITO PRIVADO;Cotas de GENOA CAPITAL RADAR A FIC MULTIMERCADO;R$ 3.367,24238
SILICON C INVESTIMENTO NO EXTERIOR FI MULTIMERCADO CRÉDITO PRIVADO;Cotas de ITAÚ FUND OF FUNDS MULTIGESTOR X FIC MULTIMERCADO;R$ 3.143,02846
SILICON C INVESTIMENTO NO EXTERIOR FI MULTIMERCADO CRÉDITO PRIVADO;Cotas de BOGARI VALUE A FIC AÇÕES;R$ 2.832,91186
SILICON C INVESTIMENTO NO EXTERIOR FI MULTIMERCADO CRÉDITO PRIVADO;Cotas de VÉRTICE FOF LONG AND SHORT ALOCAÇÃO 25 FIC MULTIMERCADO;R$ 2.753,38344
SILICON C INVESTIMENTO NO EXTERIOR FI MULTIMERCADO CRÉDITO PRIVADO;Cotas de SQUADRA LONG-ONLY STR FIC AÇÕES;R$ 2.708,02086
SILICON C INVESTIMENTO NO EXTERIOR FI MULTIMERCADO CRÉDITO PRIVADO;Cotas de CSHG JIVE DISTRESSED ALLOCATION III FIC MULTIMERCADO CRÉDITO PRIVADO;R$ 2.630,51620
SILICON C INVESTIMENTO NO EXTERIOR FI MULTIMERCADO CRÉDITO PRIVADO;Cotas de ITAÚ VÉRTICE COMPROMISSO FIC RENDA FIXA REFERENCIADO DI;R$ 2.625,56245
SILICON C INVESTIMENTO NO EXTERIOR FI MULTIMERCADO CRÉDITO PRIVADO;Cotas de ITAÚ FOF MASTER LONG BIAS FI AÇÕES;R$ 2.372,41767
SILICON C INVESTIMENTO NO EXTERIOR FI MULTIMERCADO CRÉDITO PRIVADO;Cotas de ABSOLUTO PARTNERS I.2 FIC AÇÕES;R$ 2.335,78484
SILICON C INVESTIMENTO NO EXTERIOR FI MULTIMERCADO CRÉDITO PRIVADO;Cotas de TRUXT II VALOR FIC AÇÕES;R$ 2.300,73458
SILICON C INVESTIMENTO NO EXTERIOR FI MULTIMERCADO CRÉDITO PRIVADO;Cotas de VELT II 90 A FIC AÇÕES;R$ 2.258,34706
SILICON C INVESTIMENTO NO EXTERIOR FI MULTIMERCADO CRÉDITO PRIVADO;Cotas de CSHG PÁTRIA PRIVATE EQUITY VI FI MULTIMERCADO;R$ 1.749,62335
SILICON C INVESTIMENTO NO EXTERIOR FI MULTIMERCADO CRÉDITO PRIVADO;Cotas de CSHG LEXINGTON SECONDARIES INVESTIMENTO NO EXTERIOR FI MULTIMERCADO CRÉDITO PRIVADO;R$ 1.687,59322
SILICON C INVESTIMENTO NO EXTERIOR FI MULTIMERCADO CRÉDITO PRIVADO;Letra Financeira - BANCO BRADESCO S.A. (60.746.948/0001-12) - Venc.: 15/03/2050 - Indexador: Selic;R$ 1.213,91877
SILICON C INVESTIMENTO NO EXTERIOR FI MULTIMERCADO CRÉDITO PRIVADO;Letra Financeira - ITAÚ UNIBANCO HOLDING S.A. (60.872.504/0001-23) - Venc.: 15/07/2050 - Indexador: Selic;R$ 946,85800
SILICON C INVESTIMENTO NO EXTERIOR FI MULTIMERCADO CRÉDITO PRIVADO;Cotas de CSHG PÁTRIA INF IV FI MULTIMERCADO;R$ 675,70350
SILICON C INVESTIMENTO NO EXTERIOR FI MULTIMERCADO CRÉDITO PRIVADO;Cotas de CSHG DELTA ENERGIA FI MULTIMERCADO CRÉDITO PRIVADO LP;R$ 551,90852
SILICON C INVESTIMENTO NO EXTERIOR FI MULTIMERCADO CRÉDITO PRIVADO;Cotas de VÉRTICE DYN COU FIC AÇÕES;R$ 430,51500
SILICON C INVESTIMENTO NO EXTERIOR FI MULTIMERCADO CRÉDITO PRIVADO;Cotas de CSHG PÁTRIA FIC RENDA FIXA REFERENCIADO DI;R$ 422,50006
SILICON C INVESTIMENTO NO EXTERIOR FI MULTIMERCADO CRÉDITO PRIVADO;Cotas de CSHG JIVE DISTRESSED ALLOCATION INVESTIMENTO NO EXTERIOR FI MULTIMERCADO CRÉDITO PRIVADO;R$ 230,53553
SILICON C INVESTIMENTO NO EXTERIOR FI MULTIMERCADO CRÉDITO PRIVADO;Cotas de CSHG LEXINGTON SECONDARIES FIC RENDA FIXA REFERENCIADO DI;R$ 222,57902
SILICON C INVESTIMENTO NO EXTERIOR FI MULTIMERCADO CRÉDITO PRIVADO;Outras Disponibilidades;R$ 42,02639
SILICON C INVESTIMENTO NO EXTERIOR FI MULTIMERCADO CRÉDITO PRIVADO;Cotas de CSHG JIVE DISTRESSED III FIC RENDA FIXA REFERENCIADO DI;R$ 32,12166
SILICON C INVESTIMENTO NO EXTERIOR FI MULTIMERCADO CRÉDITO PRIVADO;Cotas de CSHG PÁTRIA INF IV FIC RENDA FIXA REFERENCIADO DI;R$ 27,17857
SILICON C INVESTIMENTO NO EXTERIOR FI MULTIMERCADO CRÉDITO PRIVADO;Outros Valores a receber;R$ 23,48385
SILICON C INVESTIMENTO NO EXTERIOR FI MULTIMERCADO CRÉDITO PRIVADO;Outros Valores a pagar;-R$ 45,85221
SSZ INVESTIMENTOS INVESTIMENTO NO EXTERIOR FI MULTIMERCADO CRÉDITO PRIVADO;Cotas de ITAÚ MANAGED PORTFÓLIO 3 II FIC MULTIMERCADO;R$ 85.110,46791
SSZ INVESTIMENTOS INVESTIMENTO NO EXTERIOR FI MULTIMERCADO CRÉDITO PRIVADO;Cotas de ITAÚ VÉRTICE MANAGED PORTFÓLIO 3 II FIC MULTIMERCADO;R$ 7.223,05872
SSZ INVESTIMENTOS INVESTIMENTO NO EXTERIOR FI MULTIMERCADO CRÉDITO PRIVADO;Cotas de ITAÚ VÉRTICE FIC RENDA FIXA REFERENCIADO DI;R$ 1.565,53325
SSZ INVESTIMENTOS INVESTIMENTO NO EXTERIOR FI MULTIMERCADO CRÉDITO PRIVADO;Outras Disponibilidades;R$ 55,55500
SSZ INVESTIMENTOS INVESTIMENTO NO EXTERIOR FI MULTIMERCADO CRÉDITO PRIVADO;Outros Valores a receber;R$ 11,18748
SSZ INVESTIMENTOS INVESTIMENTO NO EXTERIOR FI MULTIMERCADO CRÉDITO PRIVADO;Outros Valores a pagar;-R$ 5,63547
ZF 13 INVESTIMENTO NO EXTERIOR FIC MULTIMERCADO CRÉDITO PRIVADO;Cotas de IKARUS INVESTIMENTO NO EXTERIOR FIC MULTIMERCADO CRÉDITO PRIVADO;R$ 8.761,18135
ZF 13 INVESTIMENTO NO EXTERIOR FIC MULTIMERCADO CRÉDITO PRIVADO;Cotas de LEGACY CAPITAL A FIC MULTIMERCADO;R$ 8.229,29730
ZF 13 INVESTIMENTO NO EXTERIOR FIC MULTIMERCADO CRÉDITO PRIVADO;Cotas de VÉRTICE VERDE 60 FIC MULTIMERCADO;R$ 7.377,76488
ZF 13 INVESTIMENTO NO EXTERIOR FIC MULTIMERCADO CRÉDITO PRIVADO;Cotas de GENOA CAPITAL RADAR A FIC MULTIMERCADO;R$ 7.301,89832
ZF 13 INVESTIMENTO NO EXTERIOR FIC MULTIMERCADO CRÉDITO PRIVADO;Cotas de KAPITALO ZETA A FIC MULTIMERCADO;R$ 7.245,10868
ZF 13 INVESTIMENTO NO EXTERIOR FIC MULTIMERCADO CRÉDITO PRIVADO;Cotas de CAPSTONE MACRO A FIC MULTIMERCADO;R$ 6.835,68443
ZF 13 INVESTIMENTO NO EXTERIOR FIC MULTIMERCADO CRÉDITO PRIVADO;Cotas de ITAÚ FUND OF FUNDS MULTIGESTOR X FIC MULTIMERCADO;R$ 6.706,63662
ZF 13 INVESTIMENTO NO EXTERIOR FIC MULTIMERCADO CRÉDITO PRIVADO;Cotas de VÉRTICE FOF LONG AND SHORT ALOCAÇÃO 25 FIC MULTIMERCADO;R$ 6.051,09591
ZF 13 INVESTIMENTO NO EXTERIOR FIC MULTIMERCADO CRÉDITO PRIVADO;Cotas de ITAÚ VÉRTICE OPTIMUS EXTREME FIC MULTIMERCADO;R$ 5.924,32383
ZF 13 INVESTIMENTO NO EXTERIOR FIC MULTIMERCADO CRÉDITO PRIVADO;Cotas de ITAÚ FOF MASTER LONG BIAS FI AÇÕES;R$ 5.119,13544
ZF 13 INVESTIMENTO NO EXTERIOR FIC MULTIMERCADO CRÉDITO PRIVADO;Cotas de ITAÚ VÉRTICE FIC RENDA FIXA REFERENCIADO DI;R$ 571,31944
ZF 13 INVESTIMENTO NO EXTERIOR FIC MULTIMERCADO CRÉDITO PRIVADO;Outras Disponibilidades;R$ 44,69803
ZF 13 INVESTIMENTO NO EXTERIOR FIC MULTIMERCADO CRÉDITO PRIVADO;Outros Valores a receber;R$ 15,36696
ZF 13 INVESTIMENTO NO EXTERIOR FIC MULTIMERCADO CRÉDITO PRIVADO;Outros Valores a pagar;-R$ 38,13161
ZICAFI INVESTIMENTO NO EXTERIOR FIC AÇÕES;Cotas de ITAÚ FUND OF FUNDS MULTIGESTOR X FI AÇÕES;R$ 7.021,16264
ZICAFI INVESTIMENTO NO EXTERIOR FIC AÇÕES;Cotas de ABSOLUTO PARTNERS I.2 FIC AÇÕES;R$ 6.201,86197
ZICAFI INVESTIMENTO NO EXTERIOR FIC AÇÕES;Cotas de SQUADRA LONG-ONLY STR FIC AÇÕES;R$ 5.942,83498
ZICAFI INVESTIMENTO NO EXTERIOR FIC AÇÕES;Cotas de TRUXT II VALOR FIC AÇÕES;R$ 4.937,31141
ZICAFI INVESTIMENTO NO EXTERIOR FIC AÇÕES;Cotas de PHANTOM FIC AÇÕES;R$ 4.831,57972
ZICAFI INVESTIMENTO NO EXTERIOR FIC AÇÕES;Cotas de BOGARI VALUE A FIC AÇÕES;R$ 4.113,05914
ZICAFI INVESTIMENTO NO EXTERIOR FIC AÇÕES;Cotas de ITAÚ VÉRTICE IBOVESPA EQUITIES FI AÇÕES;R$ 2.411,89187
ZICAFI INVESTIMENTO NO EXTERIOR FIC AÇÕES;Cotas de VELT II 90 A FIC AÇÕES;R$ 1.521,29119
ZICAFI INVESTIMENTO NO EXTERIOR FIC AÇÕES;Cotas de DYNAMO COUGAR FIC AÇÕES;R$ 1.424,29840
ZICAFI INVESTIMENTO NO EXTERIOR FIC AÇÕES;Cotas de ITAÚ CAIXA FI AÇÕES;R$ 562,76703
ZICAFI INVESTIMENTO NO EXTERIOR FIC AÇÕES;Outras Disponibilidades;R$ 55,68589
ZICAFI INVESTIMENTO NO EXTERIOR FIC AÇÕES;Outros Valores a receber;R$ 16,39843
ZICAFI INVESTIMENTO NO EXTERIOR FIC AÇÕES;Outros Valores a pagar;-R$ 21,34929
